<?xml version="1.0" encoding="UTF-8"?>
<project-private xmlns="http://www.netbeans.org/ns/project-private/1">
    <editor-bookmarks xmlns="http://www.netbeans.org/ns/editor-bookmarks/2" lastBookmarkId="0"/>
    <open-files xmlns="http://www.netbeans.org/ns/projectui-open-files/2">
        <group>
            <file>file:/D:/2_Learnspace/2_FPT/Semester%205/SWP391/code-base/summer2024-swp391.se1811-g6/QuizPractice/web/css/style.css</file>
            <file>file:/D:/2_Learnspace/2_FPT/Semester%205/SWP391/code-base/summer2024-swp391.se1811-g6/QuizPractice/src/java/model/Blog.java</file>
            <file>file:/D:/2_Learnspace/2_FPT/Semester%205/SWP391/code-base/summer2024-swp391.se1811-g6/QuizPractice/web/js/script.js</file>
            <file>file:/D:/2_Learnspace/2_FPT/Semester%205/SWP391/code-base/summer2024-swp391.se1811-g6/QuizPractice/web/home.jsp</file>
            <file>file:/D:/2_Learnspace/2_FPT/Semester%205/SWP391/code-base/summer2024-swp391.se1811-g6/QuizPractice/src/java/model/Category.java</file>
            <file>file:/D:/2_Learnspace/2_FPT/Semester%205/SWP391/code-base/summer2024-swp391.se1811-g6/QuizPractice/web/blogdetail.jsp</file>
            <file>file:/D:/2_Learnspace/2_FPT/Semester%205/SWP391/code-base/summer2024-swp391.se1811-g6/QuizPractice/src/java/dal/SubjectDAO.java</file>
            <file>file:/D:/2_Learnspace/2_FPT/Semester%205/SWP391/code-base/summer2024-swp391.se1811-g6/QuizPractice/web/subject.jsp</file>
            <file>file:/D:/2_Learnspace/2_FPT/Semester%205/SWP391/code-base/summer2024-swp391.se1811-g6/QuizPractice/src/java/dal/BlogDAO.java</file>
            <file>file:/D:/2_Learnspace/2_FPT/Semester%205/SWP391/code-base/summer2024-swp391.se1811-g6/QuizPractice/web/layout/sidebar.jsp</file>
            <file>file:/D:/2_Learnspace/2_FPT/Semester%205/SWP391/code-base/summer2024-swp391.se1811-g6/QuizPractice/web/layout/footer.jsp</file>
            <file>file:/D:/2_Learnspace/2_FPT/Semester%205/SWP391/code-base/summer2024-swp391.se1811-g6/QuizPractice/web/layout/sidebarright.jsp</file>
        </group>
    </open-files>
</project-private>
