<?xml version="1.0" encoding="UTF-8"?>
<project-private xmlns="http://www.netbeans.org/ns/project-private/1">
    <editor-bookmarks xmlns="http://www.netbeans.org/ns/editor-bookmarks/2" lastBookmarkId="0"/>
    <open-files xmlns="http://www.netbeans.org/ns/projectui-open-files/2">
        <group>
            <file>file:/D:/2_Learnspace/2_FPT/Semester%205/SWP391/code-base/summer2024-swp391.se1811-g6/QuizPractice/src/java/controller/SearchUserController.java</file>
            <file>file:/D:/2_Learnspace/2_FPT/Semester%205/SWP391/code-base/summer2024-swp391.se1811-g6/QuizPractice/src/java/controller/LoginController.java</file>
            <file>file:/D:/2_Learnspace/2_FPT/Semester%205/SWP391/code-base/summer2024-swp391.se1811-g6/QuizPractice/src/java/dal/UserDAO.java</file>
            <file>file:/D:/2_Learnspace/2_FPT/Semester%205/SWP391/code-base/summer2024-swp391.se1811-g6/QuizPractice/web/js/lazyLoad.js</file>
            <file>file:/D:/2_Learnspace/2_FPT/Semester%205/SWP391/code-base/summer2024-swp391.se1811-g6/QuizPractice/src/java/dal/SliderDAO.java</file>
            <file>file:/D:/2_Learnspace/2_FPT/Semester%205/SWP391/code-base/summer2024-swp391.se1811-g6/QuizPractice/web/subject.jsp</file>
            <file>file:/D:/2_Learnspace/2_FPT/Semester%205/SWP391/code-base/summer2024-swp391.se1811-g6/QuizPractice/src/java/controller/LockAccountController.java</file>
            <file>file:/D:/2_Learnspace/2_FPT/Semester%205/SWP391/code-base/summer2024-swp391.se1811-g6/QuizPractice/web/userList.jsp</file>
            <file>file:/D:/2_Learnspace/2_FPT/Semester%205/SWP391/code-base/summer2024-swp391.se1811-g6/QuizPractice/src/java/controller/UserListController.java</file>
            <file>file:/D:/2_Learnspace/2_FPT/Semester%205/SWP391/code-base/summer2024-swp391.se1811-g6/QuizPractice/src/java/controller/LazyLoadUserController.java</file>
        </group>
    </open-files>
</project-private>
